{
  "configs": [
    {
      "server": "140.82.13.154",
      "server_port": 8388,
      "password": "fdDswlold",
      "method": "aes-256-cfb",
      "plugin": "",
      "plugin_opts": "",
      "remarks": "",
      "timeout": 5
    },
    {
      "server": "127.0.0.1",
      "server_port": 8388,
      "password": "123",
      "method": "aes-256-cfb",
      "plugin": "",
      "plugin_opts": "",
      "remarks": "",
      "timeout": 5
    }
  ],
  "strategy": null,
  "index": 0,
  "global": false,
  "enabled": true,
  "shareOverLan": false,
  "isDefault": false,
  "localPort": 37195,
  "pacUrl": " ",
  "defaultUrl": "http://soubi360.com/",
  "useOnlinePac": false,
  "secureLocalPac": false,
  "availabilityStatistics": false,
  "autoCheckUpdate": true,
  "checkPreRelease": false,
  "isVerboseLogging": false,
  "logViewer": {
    "topMost": false,
    "wrapText": false,
    "toolbarShown": false,
    "Font": "Consolas, 8pt",
    "BackgroundColor": "Black",
    "TextColor": "White"
  },
  "proxy": {
    "useProxy": false,
    "proxyType": 0,
    "proxyServer": "",
    "proxyPort": 0,
    "proxyTimeout": 3
  },
  "hotkey": {
    "SwitchSystemProxy": "",
    "SwitchSystemProxyMode": "",
    "SwitchAllowLan": "",
    "ShowLogs": "",
    "ServerMoveUp": "",
    "ServerMoveDown": ""
  }
}